Period,life_expetancy_birth
2000,77.74146341
2001,77.99268293
2002,78.14390244
2003,78.44634146
2004,78.74634146
2005,79.04878049
2006,79.24878049
2007,79.44878049
2008,79.6
2009,80.05121951
2010,80.40243902
2011,80.95121951
2012,80.90487805
2013,81.00487805
2014,81.30487805
2015,80.95609756
2016,81.15609756
2017,81.25609756
2018,81.25609756
2019,81.40487805
2020,80.35121951
2021,80.7
2022,82.05853659
